PR,URL,Title,Content type,Is rendered page,HTTP status code,Organic traffic,Depth,No. of inlinks dofollow,No. of inlinks nofollow,No. of href inlinks
30,https://www.kinexisdigital.com/en/industries/financial-services/insurance,Insurance Marketing Agency | KINEXIS,text/html; charset=utf-8,false,200,0,0,188,1,189
30,https://www.kinexisdigital.com/es/locations/cedar-rapids,Digital Marketing Agency Cedar Rapids | KINEXIS,text/html; charset=utf-8,false,200,0,0,188,1,189
30,https://www.kinexisdigital.com/es/industries/healthcare/dental,Agencia de Marketing Dental | KINEXIS,text/html; charset=utf-8,false,200,0,0,188,1,189
30,https://www.kinexisdigital.com/es/services/web-design,Agencia de Diseño Web para Generación de… | KINEXIS Digital,text/html; charset=utf-8,false,200,0,0,188,1,189
30,https://www.kinexisdigital.com/es/industries/professional-services/dentists,Agencia de Marketing Dentists | KINEXIS,text/html; charset=utf-8,false,200,0,0,188,1,189
30,https://www.kinexisdigital.com/en/industries/professional-services,Professional Services Marketing | KINEXIS,text/html; charset=utf-8,false,200,0,0,188,1,189
30,https://www.kinexisdigital.com/en/about,About KINEXIS Digital | Growth Marketing Agency,text/html; charset=utf-8,false,200,0,0,188,1,189
30,https://www.kinexisdigital.com/es/industries/ecommerce/online-retailers,Agencia de Marketing Online Retailers | KINEXIS,text/html; charset=utf-8,false,200,0,0,188,1,189
30,https://www.kinexisdigital.com/es/industries/healthcare/pharmacies,Agencia de Marketing Pharmacies | KINEXIS,text/html; charset=utf-8,false,200,0,0,188,1,189
30,https://www.kinexisdigital.com/es,KINEXIS Digital - Convierte el Tráfico en Ingresos,text/html; charset=utf-8,false,200,0,0,188,1,189
30,https://www.kinexisdigital.com/es/terms,Términos de Servicio | KINEXIS,text/html; charset=utf-8,false,200,0,0,188,1,189
30,https://www.kinexisdigital.com/en/industries/healthcare/chiropractors,Chiropractors Marketing Agency | KINEXIS,text/html; charset=utf-8,false,200,0,0,188,1,189
30,https://www.kinexisdigital.com/es/industries/financial-services/wealth-management,Agencia de Marketing Wealth Management | KINEXIS,text/html; charset=utf-8,false,200,0,0,188,1,189
30,https://www.kinexisdigital.com/es/resources,LAS HERRAMIENTAS QUE USAMOS. | KINEXIS Digital,text/html; charset=utf-8,false,200,0,0,188,1,189
30,https://www.kinexisdigital.com/es/industries/manufacturing/food-production,Agencia de Marketing Food Production | KINEXIS,text/html; charset=utf-8,false,200,0,0,188,1,189
30,https://www.kinexisdigital.com/en/industries/hospitality/resorts,Resorts Marketing Agency | KINEXIS,text/html; charset=utf-8,false,200,0,0,188,1,189
30,https://www.kinexisdigital.com/en/industries/home-services/hvac,HVAC Marketing Agency | KINEXIS,text/html; charset=utf-8,false,200,0,0,188,1,189
30,https://www.kinexisdigital.com/es/industries/home-services/plumbing,Agencia de Marketing Plumbing | KINEXIS,text/html; charset=utf-8,false,200,0,0,188,1,189
30,https://www.kinexisdigital.com/es/industries/technology/fintech,Agencia de Marketing Fintech | KINEXIS,text/html; charset=utf-8,false,200,0,0,188,1,189
30,https://www.kinexisdigital.com/en/blog/seo-audit-framework,SEO Audit Framework: A Step-by-Step Process | KINEXIS,text/html; charset=utf-8,false,200,0,0,188,1,189
30,https://www.kinexisdigital.com/es/industries/hospitality/restaurants,Agencia de Marketing Restaurants | KINEXIS,text/html; charset=utf-8,false,200,0,0,188,1,189
30,https://www.kinexisdigital.com/es/industries/financial-services/mortgage-lenders,Agencia de Marketing Mortgage Lenders | KINEXIS,text/html; charset=utf-8,false,200,0,0,188,1,189
30,https://www.kinexisdigital.com/en/industries/home-services/landscaping,Landscaping Marketing Agency | KINEXIS,text/html; charset=utf-8,false,200,0,0,188,1,189
30,https://www.kinexisdigital.com/es/google-ads-vs-seo,Google Ads vs SEO | ¿Qué Canal Conviene?,text/html; charset=utf-8,false,200,0,0,188,1,189
30,https://www.kinexisdigital.com/en/locations/dallas,Digital Marketing Agency Dallas | KINEXIS,text/html; charset=utf-8,false,200,0,0,188,1,189
30,https://www.kinexisdigital.com/es/industries/professional-services/law-firms,Agencia de Marketing Law Firms | KINEXIS,text/html; charset=utf-8,false,200,0,0,188,1,189
30,https://www.kinexisdigital.com/en/industries/ecommerce/online-retailers,Online Retailers Marketing Agency | KINEXIS,text/html; charset=utf-8,false,200,0,0,188,1,189
30,https://www.kinexisdigital.com/en/industries/financial-services/wealth-management,Wealth Management Marketing Agency | KINEXIS,text/html; charset=utf-8,false,200,0,0,188,1,189
30,https://www.kinexisdigital.com/en/services/analytics,Marketing Analytics and Reporting | KINEXIS,text/html; charset=utf-8,false,200,0,0,188,1,189
30,https://www.kinexisdigital.com/es/industries/professional-services,Professional Services Marketing | KINEXIS,text/html; charset=utf-8,false,200,0,0,188,1,189
30,https://www.kinexisdigital.com/es/locations/dallas,Digital Marketing Agency Dallas | KINEXIS,text/html; charset=utf-8,false,200,0,0,188,1,189
30,https://www.kinexisdigital.com/es/privacy,Política de Privacidad | KINEXIS,text/html; charset=utf-8,false,200,0,0,188,1,189
30,https://www.kinexisdigital.com/es/industries/financial-services/banks,Agencia de Marketing Banks | KINEXIS,text/html; charset=utf-8,false,200,0,0,188,1,189
30,https://www.kinexisdigital.com/en/industries/hospitality/bars-nightlife,Bars & Nightlife Marketing Agency | KINEXIS,text/html; charset=utf-8,false,200,0,0,188,1,189
30,https://www.kinexisdigital.com/en/industries/technology/startups,Startups Marketing Agency | KINEXIS,text/html; charset=utf-8,false,200,0,0,188,1,189
30,https://www.kinexisdigital.com/en/blog/landing-page-best-practices,Landing Page Best Practices for Paid Traffic | KINEXIS,text/html; charset=utf-8,false,200,0,0,188,1,189
30,https://www.kinexisdigital.com/es/industries/hospitality/cafes,Agencia de Marketing Cafes | KINEXIS,text/html; charset=utf-8,false,200,0,0,188,1,189
30,https://www.kinexisdigital.com/en/industries,Industries We Serve | KINEXIS Digital,text/html; charset=utf-8,false,200,0,0,188,1,189
30,https://www.kinexisdigital.com/es/services/content-marketing,Agencia Marketing de Contenidos para… | KINEXIS Digital,text/html; charset=utf-8,false,200,0,0,188,1,189
30,https://www.kinexisdigital.com/en/services/social-media,Social Media Management for B2B Brands | KINEXIS Digital,text/html; charset=utf-8,false,200,0,0,188,1,189
30,https://www.kinexisdigital.com/es/industries/technology,Technology Marketing | KINEXIS,text/html; charset=utf-8,false,200,0,0,188,1,189
30,https://www.kinexisdigital.com/es/industries/hospitality/resorts,Agencia de Marketing Resorts | KINEXIS,text/html; charset=utf-8,false,200,0,0,188,1,189
30,https://www.kinexisdigital.com/en,KINEXIS Digital - Turn Traffic Into Revenue,text/html; charset=utf-8,false,200,0,0,188,1,189
30,https://www.kinexisdigital.com/es/industries/healthcare/wellness,Agencia de Marketing Wellness | KINEXIS,text/html; charset=utf-8,false,200,0,0,188,1,189
30,https://www.kinexisdigital.com/en/industries/home-services/pest-control,Pest Control Marketing Agency | KINEXIS,text/html; charset=utf-8,false,200,0,0,188,1,189
30,https://www.kinexisdigital.com/es/locations/cedar-falls,Digital Marketing Agency Cedar Falls | KINEXIS,text/html; charset=utf-8,false,200,0,0,188,1,189
30,https://www.kinexisdigital.com/en/industries/hospitality/restaurants,Restaurants Marketing Agency | KINEXIS,text/html; charset=utf-8,false,200,0,0,188,1,189
30,https://www.kinexisdigital.com/en/industries/financial-services,Financial Services Marketing | KINEXIS,text/html; charset=utf-8,false,200,0,0,188,1,189
30,https://www.kinexisdigital.com/es/industries/healthcare/physical-therapy,Agencia de Marketing Physical Therapy | KINEXIS,text/html; charset=utf-8,false,200,0,0,188,1,189
30,https://www.kinexisdigital.com/en/wordpress-vs-webflow,WordPress vs Webflow | Which Platform for Your Business…,text/html; charset=utf-8,false,200,0,0,188,1,189
30,https://www.kinexisdigital.com/en/industries/home-services/electrical,Electrical Marketing Agency | KINEXIS,text/html; charset=utf-8,false,200,0,0,188,1,189
30,https://www.kinexisdigital.com/en/industries/professional-services/law-firms,Law Firms Marketing Agency | KINEXIS,text/html; charset=utf-8,false,200,0,0,188,1,189
30,https://www.kinexisdigital.com/en/services/ppc-management,Multi-Channel PPC Management | KINEXIS,text/html; charset=utf-8,false,200,0,0,188,1,189
30,https://www.kinexisdigital.com/es/locations/toronto,Digital Marketing Agency Toronto | KINEXIS,text/html; charset=utf-8,false,200,0,0,188,1,189
30,https://www.kinexisdigital.com/en/industries/hospitality/event-venues,Event Venues Marketing Agency | KINEXIS,text/html; charset=utf-8,false,200,0,0,188,1,189
30,https://www.kinexisdigital.com/es/industries/manufacturing/industrial,Agencia de Marketing Industrial | KINEXIS,text/html; charset=utf-8,false,200,0,0,188,1,189
30,https://www.kinexisdigital.com/en/industries/technology/saas,SaaS Marketing Agency | KINEXIS,text/html; charset=utf-8,false,200,0,0,188,1,189
30,https://www.kinexisdigital.com/es/industries/financial-services,Financial Services Marketing | KINEXIS,text/html; charset=utf-8,false,200,0,0,188,1,189
30,https://www.kinexisdigital.com/en/locations/cedar-rapids,Digital Marketing Agency Cedar Rapids | KINEXIS,text/html; charset=utf-8,false,200,0,0,188,1,189
30,https://www.kinexisdigital.com/en/services/google-ads,Google Ads Management Agency | KINEXIS,text/html; charset=utf-8,false,200,0,0,188,1,189
30,https://www.kinexisdigital.com/es/industries/ecommerce,E-Commerce Marketing | KINEXIS,text/html; charset=utf-8,false,200,0,0,188,1,189
30,https://www.kinexisdigital.com/en/industries/ecommerce/dtc-brands,DTC Brands Marketing Agency | KINEXIS,text/html; charset=utf-8,false,200,0,0,188,1,189
30,https://www.kinexisdigital.com/es/industries/ecommerce/shopify-brands,Agencia de Marketing Shopify Brands | KINEXIS,text/html; charset=utf-8,false,200,0,0,188,1,189
30,https://www.kinexisdigital.com/es/digital-marketing-agency,Agencia de Marketing Digital | KINEXIS Digital,text/html; charset=utf-8,false,200,0,0,188,1,189
30,https://www.kinexisdigital.com/es/industries,Industrias que Servimos | KINEXIS Digital,text/html; charset=utf-8,false,200,0,0,188,1,189
30,https://www.kinexisdigital.com/en/digital-marketing-agency,Digital Marketing Agency | KINEXIS Digital,text/html; charset=utf-8,false,200,0,0,188,1,189
30,https://www.kinexisdigital.com/en/services/email-marketing,Email Marketing & Automation for B2B | KINEXIS Digital,text/html; charset=utf-8,false,200,0,0,188,1,189
30,https://www.kinexisdigital.com/es/industries/manufacturing/aerospace,Agencia de Marketing Aerospace | KINEXIS,text/html; charset=utf-8,false,200,0,0,188,1,189
30,https://www.kinexisdigital.com/en/services/paid-ads,Paid Ads for Lead Generation | KINEXIS Digital,text/html; charset=utf-8,false,200,0,0,188,1,189
30,https://www.kinexisdigital.com/en/industries/healthcare/pharmacies,Pharmacies Marketing Agency | KINEXIS,text/html; charset=utf-8,false,200,0,0,188,1,189
30,https://www.kinexisdigital.com/es/industries/healthcare/chiropractors,Agencia de Marketing Chiropractors | KINEXIS,text/html; charset=utf-8,false,200,0,0,188,1,189
30,https://www.kinexisdigital.com/en/services/video-marketing,"Video Marketing for Ads, Social & Web | KINEXIS Digital",text/html; charset=utf-8,false,200,0,0,188,1,189
30,https://www.kinexisdigital.com/en/industries/healthcare,Healthcare Marketing | KINEXIS,text/html; charset=utf-8,false,200,0,0,188,1,189
30,https://www.kinexisdigital.com/en/industries/healthcare/physical-therapy,Physical Therapy Marketing Agency | KINEXIS,text/html; charset=utf-8,false,200,0,0,188,1,189
30,https://www.kinexisdigital.com/es/services/local-seo,Agencia SEO Local para Marcas… | KINEXIS Digital,text/html; charset=utf-8,false,200,0,0,188,1,189
30,https://www.kinexisdigital.com/en/industries/healthcare/dental,Dental Marketing Agency | KINEXIS,text/html; charset=utf-8,false,200,0,0,188,1,189
30,https://www.kinexisdigital.com/en/local-seo-vs-google-ads,Local SEO vs Google Ads | Map Pack or Paid Search?,text/html; charset=utf-8,false,200,0,0,188,1,189
30,https://www.kinexisdigital.com/es/locations/bogota,Digital Marketing Agency Bogotá | KINEXIS,text/html; charset=utf-8,false,200,0,0,188,1,189
30,https://www.kinexisdigital.com/en/locations/des-moines,Digital Marketing Agency Des Moines | KINEXIS,text/html; charset=utf-8,false,200,0,0,188,1,189
30,https://www.kinexisdigital.com/es/industries/ecommerce/subscription-boxes,Agencia de Marketing Subscription Boxes | KINEXIS,text/html; charset=utf-8,false,200,0,0,188,1,189
30,https://www.kinexisdigital.com/es/services/social-media,Agencia Marketing en Redes Sociales para… | KINEXIS Digital,text/html; charset=utf-8,false,200,0,0,188,1,189
30,https://www.kinexisdigital.com/es/wordpress-vs-webflow,WordPress vs Webflow | ¿Qué Plataforma Elegir?,text/html; charset=utf-8,false,200,0,0,188,1,189
30,https://www.kinexisdigital.com/es/industries/home-services/hvac,Agencia de Marketing HVAC | KINEXIS,text/html; charset=utf-8,false,200,0,0,188,1,189
30,https://www.kinexisdigital.com/en/locations/austin,Digital Marketing Agency Austin | KINEXIS,text/html; charset=utf-8,false,200,0,0,188,1,189
30,https://www.kinexisdigital.com/en/services/branding,Branding & Identity for B2B Companies | KINEXIS Digital,text/html; charset=utf-8,false,200,0,0,188,1,189
30,https://www.kinexisdigital.com/en/industries/ecommerce/b2b-ecommerce,B2B E-Commerce Marketing Agency | KINEXIS,text/html; charset=utf-8,false,200,0,0,188,1,189
30,https://www.kinexisdigital.com/en/industries/professional-services/real-estate,Real Estate Marketing Agency | KINEXIS,text/html; charset=utf-8,false,200,0,0,188,1,189
30,https://www.kinexisdigital.com/es/seo-vs-ppc,SEO vs PPC | Orgánico vs Pagado,text/html; charset=utf-8,false,200,0,0,188,1,189
30,https://www.kinexisdigital.com/en/case-studies,Case Studies | KINEXIS Digital,text/html; charset=utf-8,false,200,0,0,188,1,189
30,https://www.kinexisdigital.com/en/industries/ecommerce,E-Commerce Marketing | KINEXIS,text/html; charset=utf-8,false,200,0,0,188,1,189
30,https://www.kinexisdigital.com/en/services/funnels,Funnels and CRO | KINEXIS,text/html; charset=utf-8,false,200,0,0,188,1,189
30,https://www.kinexisdigital.com/es/services/growth-consulting,Consultoría de Crecimiento para… | KINEXIS Digital,text/html; charset=utf-8,false,200,0,0,188,1,189
30,https://www.kinexisdigital.com/en/industries/technology/ai-companies,AI Companies Marketing Agency | KINEXIS,text/html; charset=utf-8,false,200,0,0,188,1,189
30,https://www.kinexisdigital.com/es/industries/financial-services/credit-unions,Agencia de Marketing Credit Unions | KINEXIS,text/html; charset=utf-8,false,200,0,0,188,1,189
30,https://www.kinexisdigital.com/es/industries/professional-services/accountants,Agencia de Marketing Accountants | KINEXIS,text/html; charset=utf-8,false,200,0,0,188,1,189
30,https://www.kinexisdigital.com/es/industries/technology/startups,Agencia de Marketing Startups | KINEXIS,text/html; charset=utf-8,false,200,0,0,188,1,189
30,https://www.kinexisdigital.com/en/industries/home-services,Home Services Marketing | KINEXIS,text/html; charset=utf-8,false,200,0,0,188,1,189
30,https://www.kinexisdigital.com/es/blog/landing-page-best-practices,Mejores Prácticas de Landing Pages para Tráfico… | KINEXIS,text/html; charset=utf-8,false,200,0,0,188,1,189
30,https://www.kinexisdigital.com/es/industries/technology/ai-companies,Agencia de Marketing AI Companies | KINEXIS,text/html; charset=utf-8,false,200,0,0,188,1,189
30,https://www.kinexisdigital.com/es/industries/home-services/roofing,Agencia de Marketing Roofing | KINEXIS,text/html; charset=utf-8,false,200,0,0,188,1,189
30,https://www.kinexisdigital.com/en/industries/financial-services/financial-advisors,Financial Advisors Marketing Agency | KINEXIS,text/html; charset=utf-8,false,200,0,0,188,1,189
30,https://www.kinexisdigital.com/es/industries/home-services/landscaping,Agencia de Marketing Landscaping | KINEXIS,text/html; charset=utf-8,false,200,0,0,188,1,189
30,https://www.kinexisdigital.com/en/industries/manufacturing/b2b-manufacturing,B2B Manufacturing Marketing Agency | KINEXIS,text/html; charset=utf-8,false,200,0,0,188,1,189
30,https://www.kinexisdigital.com/es/industries/home-services,Home Services Marketing | KINEXIS,text/html; charset=utf-8,false,200,0,0,188,1,189
30,https://www.kinexisdigital.com/en/industries/manufacturing/automotive,Automotive Marketing Agency | KINEXIS,text/html; charset=utf-8,false,200,0,0,188,1,189
30,https://www.kinexisdigital.com/es/services,Servicios de Marketing Digital | KINEXIS Digital,text/html; charset=utf-8,false,200,0,0,188,1,189
30,https://www.kinexisdigital.com/en/services/local-seo,Local SEO for Map Pack Rankings | KINEXIS,text/html; charset=utf-8,false,200,0,0,188,1,189
30,https://www.kinexisdigital.com/es/industries/professional-services/medical-practices,Agencia de Marketing Medical Practices | KINEXIS,text/html; charset=utf-8,false,200,0,0,188,1,189
30,https://www.kinexisdigital.com/en/industries/home-services/roofing,Roofing Marketing Agency | KINEXIS,text/html; charset=utf-8,false,200,0,0,188,1,189
30,https://www.kinexisdigital.com/es/services/google-ads,Agencia de Gestión Google Ads | Search y… | KINEXIS Digital,text/html; charset=utf-8,false,200,0,0,188,1,189
30,https://www.kinexisdigital.com/es/services/branding,Agencia de Branding para Empresas B2B | KINEXIS Digital,text/html; charset=utf-8,false,200,0,0,188,1,189
30,https://www.kinexisdigital.com/es/services/meta-ads,Agencia de Gestión Meta Ads | Facebook e… | KINEXIS Digital,text/html; charset=utf-8,false,200,0,0,188,1,189
30,https://www.kinexisdigital.com/en/industries/healthcare/wellness,Wellness Marketing Agency | KINEXIS,text/html; charset=utf-8,false,200,0,0,188,1,189
30,https://www.kinexisdigital.com/es/industries/technology/saas,Agencia de Marketing SaaS | KINEXIS,text/html; charset=utf-8,false,200,0,0,188,1,189
30,https://www.kinexisdigital.com/en/industries/financial-services/banks,Banks Marketing Agency | KINEXIS,text/html; charset=utf-8,false,200,0,0,188,1,189
30,https://www.kinexisdigital.com/es/contact,Contacto KINEXIS Digital | Reserva una Llamada,text/html; charset=utf-8,false,200,0,0,188,1,189
30,https://www.kinexisdigital.com/en/industries/home-services/plumbing,Plumbing Marketing Agency | KINEXIS,text/html; charset=utf-8,false,200,0,0,188,1,189
30,https://www.kinexisdigital.com/en/industries/ecommerce/amazon-sellers,Amazon Sellers Marketing Agency | KINEXIS,text/html; charset=utf-8,false,200,0,0,188,1,189
30,https://www.kinexisdigital.com/es/industries/professional-services/real-estate,Agencia de Marketing Real Estate | KINEXIS,text/html; charset=utf-8,false,200,0,0,188,1,189
30,https://www.kinexisdigital.com/es/industries/manufacturing/packaging,Agencia de Marketing Packaging | KINEXIS,text/html; charset=utf-8,false,200,0,0,188,1,189
30,https://www.kinexisdigital.com/en/industries/ecommerce/shopify-brands,Shopify Brands Marketing Agency | KINEXIS,text/html; charset=utf-8,false,200,0,0,188,1,189
30,https://www.kinexisdigital.com/en/industries/healthcare/medical,Medical Marketing Agency | KINEXIS,text/html; charset=utf-8,false,200,0,0,188,1,189
30,https://www.kinexisdigital.com/es/industries/financial-services/insurance,Agencia de Marketing Insurance | KINEXIS,text/html; charset=utf-8,false,200,0,0,188,1,189
30,https://www.kinexisdigital.com/en/industries/financial-services/mortgage-lenders,Mortgage Lenders Marketing Agency | KINEXIS,text/html; charset=utf-8,false,200,0,0,188,1,189
30,https://www.kinexisdigital.com/es/services/analytics,Agencia Analítica de Marketing para… | KINEXIS Digital,text/html; charset=utf-8,false,200,0,0,188,1,189
30,https://www.kinexisdigital.com/es/industries/home-services/pest-control,Agencia de Marketing Pest Control | KINEXIS,text/html; charset=utf-8,false,200,0,0,188,1,189
30,https://www.kinexisdigital.com/en/locations/cedar-falls,Digital Marketing Agency Cedar Falls | KINEXIS,text/html; charset=utf-8,false,200,0,0,188,1,189
30,https://www.kinexisdigital.com/es/industries/home-services/electrical,Agencia de Marketing Electrical | KINEXIS,text/html; charset=utf-8,false,200,0,0,188,1,189
30,https://www.kinexisdigital.com/es/industries/ecommerce/amazon-sellers,Agencia de Marketing Amazon Sellers | KINEXIS,text/html; charset=utf-8,false,200,0,0,188,1,189
30,https://www.kinexisdigital.com/es/industries/manufacturing/b2b-manufacturing,Agencia de Marketing B2B Manufacturing | KINEXIS,text/html; charset=utf-8,false,200,0,0,188,1,189
30,https://www.kinexisdigital.com/es/pricing/seo,"Precios SEO | Planes desde $2,500/mes | KINEXIS Digital",text/html; charset=utf-8,false,200,0,0,188,1,189
30,https://www.kinexisdigital.com/en/services/growth-consulting,Growth Consulting & Marketing Strategy | KINEXIS Digital,text/html; charset=utf-8,false,200,0,0,188,1,189
30,https://www.kinexisdigital.com/en/industries/technology/software-companies,Software Companies Marketing Agency | KINEXIS,text/html; charset=utf-8,false,200,0,0,188,1,189
30,https://www.kinexisdigital.com/en/industries/manufacturing,Manufacturing Marketing | KINEXIS,text/html; charset=utf-8,false,200,0,0,188,1,189
30,https://www.kinexisdigital.com/es/about,Sobre KINEXIS Digital | Agencia de Marketing,text/html; charset=utf-8,false,200,0,0,188,1,189
30,https://www.kinexisdigital.com/es/industries/manufacturing/automotive,Agencia de Marketing Automotive | KINEXIS,text/html; charset=utf-8,false,200,0,0,188,1,189
30,https://www.kinexisdigital.com/es/blog/local-seo-checklist,Checklist de SEO Local para Negocios de Servicios | KINEXIS,text/html; charset=utf-8,false,200,0,0,188,1,189
30,https://www.kinexisdigital.com/en/industries/professional-services/dentists,Dentists Marketing Agency | KINEXIS,text/html; charset=utf-8,false,200,0,0,188,1,189
30,https://www.kinexisdigital.com/en/industries/professional-services/medical-practices,Medical Practices Marketing Agency | KINEXIS,text/html; charset=utf-8,false,200,0,0,188,1,189
30,https://www.kinexisdigital.com/es/blog,Blog de Marketing Digital | KINEXIS Digital,text/html; charset=utf-8,false,200,0,0,188,1,189
30,https://www.kinexisdigital.com/es/industries/ecommerce/b2b-ecommerce,Agencia de Marketing B2B E-Commerce | KINEXIS,text/html; charset=utf-8,false,200,0,0,188,1,189
30,https://www.kinexisdigital.com/en/locations/bogota,Digital Marketing Agency Bogotá | KINEXIS,text/html; charset=utf-8,false,200,0,0,188,1,189
30,https://www.kinexisdigital.com/es/industries/healthcare,Healthcare Marketing | KINEXIS,text/html; charset=utf-8,false,200,0,0,188,1,189
30,https://www.kinexisdigital.com/en/contact,Contact KINEXIS Digital | Book a Strategy Call,text/html; charset=utf-8,false,200,0,0,188,1,189
30,https://www.kinexisdigital.com/en/industries/ecommerce/subscription-boxes,Subscription Boxes Marketing Agency | KINEXIS,text/html; charset=utf-8,false,200,0,0,188,1,189
30,https://www.kinexisdigital.com/es/industries/professional-services/consultants,Agencia de Marketing Consultants | KINEXIS,text/html; charset=utf-8,false,200,0,0,188,1,189
30,https://www.kinexisdigital.com/es/industries/hospitality/bars-nightlife,Agencia de Marketing Bars & Nightlife | KINEXIS,text/html; charset=utf-8,false,200,0,0,188,1,189
30,https://www.kinexisdigital.com/es/blog/ab-testing-framework,Framework de A/B Testing para Marketers | KINEXIS,text/html; charset=utf-8,false,200,0,0,188,1,189
30,https://www.kinexisdigital.com/es/case-studies,Casos de Éxito | KINEXIS Digital,text/html; charset=utf-8,false,200,0,0,188,1,189
30,https://www.kinexisdigital.com/es/services/funnels,Agencia de Embudos y CRO | Sistemas de… | KINEXIS Digital,text/html; charset=utf-8,false,200,0,0,188,1,189
30,https://www.kinexisdigital.com/en/locations/toronto,Digital Marketing Agency Toronto | KINEXIS,text/html; charset=utf-8,false,200,0,0,188,1,189
30,https://www.kinexisdigital.com/es/locations/waterloo,Digital Marketing Agency Waterloo | KINEXIS,text/html; charset=utf-8,false,200,0,0,188,1,189
30,https://www.kinexisdigital.com/es/blog/seo-audit-framework,Framework de Auditoría SEO: Proceso Paso a Paso | KINEXIS,text/html; charset=utf-8,false,200,0,0,188,1,189
30,https://www.kinexisdigital.com/es/industries/ecommerce/dtc-brands,Agencia de Marketing DTC Brands | KINEXIS,text/html; charset=utf-8,false,200,0,0,188,1,189
30,https://www.kinexisdigital.com/en/industries/manufacturing/packaging,Packaging Marketing Agency | KINEXIS,text/html; charset=utf-8,false,200,0,0,188,1,189
30,https://www.kinexisdigital.com/en/blog,Digital Marketing Blog | KINEXIS Digital,text/html; charset=utf-8,false,200,0,0,188,1,189
30,https://www.kinexisdigital.com/en/industries/hospitality/cafes,Cafes Marketing Agency | KINEXIS,text/html; charset=utf-8,false,200,0,0,188,1,189
30,https://www.kinexisdigital.com/en/blog/local-seo-checklist,Local SEO Checklist for Service Businesses | KINEXIS,text/html; charset=utf-8,false,200,0,0,188,1,189
30,https://www.kinexisdigital.com/en/services/meta-ads,Meta Ads Management Agency | KINEXIS,text/html; charset=utf-8,false,200,0,0,188,1,189
30,https://www.kinexisdigital.com/es/industries/hospitality/hotels,Agencia de Marketing Hotels | KINEXIS,text/html; charset=utf-8,false,200,0,0,188,1,189
30,https://www.kinexisdigital.com/en/services/seo,SEO Agency for Lead Generation | KINEXIS Digital,text/html; charset=utf-8,false,200,0,0,188,1,189
30,https://www.kinexisdigital.com/en/solutions,Marketing Solutions | KINEXIS Digital,text/html; charset=utf-8,false,200,0,0,188,1,189
30,https://www.kinexisdigital.com/es/locations/austin,Digital Marketing Agency Austin | KINEXIS,text/html; charset=utf-8,false,200,0,0,188,1,189
30,https://www.kinexisdigital.com/es/industries/financial-services/financial-advisors,Agencia de Marketing Financial Advisors | KINEXIS,text/html; charset=utf-8,false,200,0,0,188,1,189
30,https://www.kinexisdigital.com/es/industries/technology/software-companies,Agencia de Marketing Software Companies | KINEXIS,text/html; charset=utf-8,false,200,0,0,188,1,189
30,https://www.kinexisdigital.com/en/seo-vs-ppc,SEO vs PPC | Paid vs Organic for B2B Lead Generation,text/html; charset=utf-8,false,200,0,0,188,1,189
30,https://www.kinexisdigital.com/en/google-ads-vs-seo,Google Ads vs SEO | Which Channel Wins for Your Business?,text/html; charset=utf-8,false,200,0,0,188,1,189
30,https://www.kinexisdigital.com/es/local-seo-vs-google-ads,SEO Local vs Google Ads | ¿Mapa o Anuncios?,text/html; charset=utf-8,false,200,0,0,188,1,189
30,https://www.kinexisdigital.com/en/industries/hospitality,Hospitality Marketing | KINEXIS,text/html; charset=utf-8,false,200,0,0,188,1,189
30,https://www.kinexisdigital.com/en/services/content-marketing,Content Marketing for B2B Pipeline | KINEXIS Digital,text/html; charset=utf-8,false,200,0,0,188,1,189
30,https://www.kinexisdigital.com/en/locations/waterloo,Digital Marketing Agency Waterloo | KINEXIS,text/html; charset=utf-8,false,200,0,0,188,1,189
30,https://www.kinexisdigital.com/es/locations/des-moines,Digital Marketing Agency Des Moines | KINEXIS,text/html; charset=utf-8,false,200,0,0,188,1,189
30,https://www.kinexisdigital.com/en/blog/ab-testing-framework,A/B Testing Framework for Marketers | KINEXIS,text/html; charset=utf-8,false,200,0,0,188,1,189
30,https://www.kinexisdigital.com/es/industries/hospitality,Hospitality Marketing | KINEXIS,text/html; charset=utf-8,false,200,0,0,188,1,189
30,https://www.kinexisdigital.com/en/services,Digital Marketing Services | KINEXIS Digital,text/html; charset=utf-8,false,200,0,0,188,1,189
30,https://www.kinexisdigital.com/en/privacy,Privacy Policy | KINEXIS,text/html; charset=utf-8,false,200,0,0,188,1,189
30,https://www.kinexisdigital.com/en/resources,THE TOOLS WE USE. | KINEXIS Digital,text/html; charset=utf-8,false,200,0,0,188,1,189
30,https://www.kinexisdigital.com/es/industries/hospitality/event-venues,Agencia de Marketing Event Venues | KINEXIS,text/html; charset=utf-8,false,200,0,0,188,1,189
30,https://www.kinexisdigital.com/en/industries/hospitality/hotels,Hotels Marketing Agency | KINEXIS,text/html; charset=utf-8,false,200,0,0,188,1,189
30,https://www.kinexisdigital.com/en/pricing/seo,"SEO Pricing | Plans from $2,500/mo | KINEXIS Digital",text/html; charset=utf-8,false,200,0,0,188,1,189
30,https://www.kinexisdigital.com/en/industries/manufacturing/food-production,Food Production Marketing Agency | KINEXIS,text/html; charset=utf-8,false,200,0,0,188,1,189
30,https://www.kinexisdigital.com/es/industries/technology/cybersecurity,Agencia de Marketing Cybersecurity | KINEXIS,text/html; charset=utf-8,false,200,0,0,188,1,189
30,https://www.kinexisdigital.com/es/industries/healthcare/medical,Agencia de Marketing Medical | KINEXIS,text/html; charset=utf-8,false,200,0,0,188,1,189
30,https://www.kinexisdigital.com/es/services/paid-ads,Agencia de Anuncios Pagados para… | KINEXIS Digital,text/html; charset=utf-8,false,200,0,0,188,1,189
30,https://www.kinexisdigital.com/en/industries/financial-services/credit-unions,Credit Unions Marketing Agency | KINEXIS,text/html; charset=utf-8,false,200,0,0,188,1,189
30,https://www.kinexisdigital.com/en/services/web-design,Web Design Agency for Lead Generation | KINEXIS Digital,text/html; charset=utf-8,false,200,0,0,188,1,189
30,https://www.kinexisdigital.com/en/terms,Terms of Service | KINEXIS,text/html; charset=utf-8,false,200,0,0,188,1,189
30,https://www.kinexisdigital.com/es/services/seo,Agencia SEO para Generación de Leads | KINEXIS Digital,text/html; charset=utf-8,false,200,0,0,188,1,189
30,https://www.kinexisdigital.com/en/industries/technology/fintech,Fintech Marketing Agency | KINEXIS,text/html; charset=utf-8,false,200,0,0,188,1,189
30,https://www.kinexisdigital.com/es/services/video-marketing,Agencia Marketing de Video para Marcas B2B | KINEXIS Digital,text/html; charset=utf-8,false,200,0,0,188,1,189
30,https://www.kinexisdigital.com/es/industries/manufacturing,Manufacturing Marketing | KINEXIS,text/html; charset=utf-8,false,200,0,0,188,1,189
30,https://www.kinexisdigital.com/en/industries/technology/cybersecurity,Cybersecurity Marketing Agency | KINEXIS,text/html; charset=utf-8,false,200,0,0,188,1,189
30,https://www.kinexisdigital.com/es/solutions,Marketing Solutions | KINEXIS Digital,text/html; charset=utf-8,false,200,0,0,188,1,189
30,https://www.kinexisdigital.com/en/industries/professional-services/accountants,Accountants Marketing Agency | KINEXIS,text/html; charset=utf-8,false,200,0,0,188,1,189
30,https://www.kinexisdigital.com/en/industries/manufacturing/industrial,Industrial Marketing Agency | KINEXIS,text/html; charset=utf-8,false,200,0,0,188,1,189
30,https://www.kinexisdigital.com/es/services/ppc-management,Agencia de Gestión PPC Multi-Canal | KINEXIS Digital,text/html; charset=utf-8,false,200,0,0,188,1,189
30,https://www.kinexisdigital.com/en/industries/manufacturing/aerospace,Aerospace Marketing Agency | KINEXIS,text/html; charset=utf-8,false,200,0,0,188,1,189
30,https://www.kinexisdigital.com/es/services/email-marketing,Agencia Email Marketing para Nutrición B2B | KINEXIS Digital,text/html; charset=utf-8,false,200,0,0,188,1,189
30,https://www.kinexisdigital.com/en/industries/technology,Technology Marketing | KINEXIS,text/html; charset=utf-8,false,200,0,0,188,1,189
30,https://www.kinexisdigital.com/en/industries/professional-services/consultants,Consultants Marketing Agency | KINEXIS,text/html; charset=utf-8,false,200,0,0,188,1,189
