PR,URL,Title,Content type,Is rendered page,HTTP status code,Organic traffic,Redirect URL,Redirect URL code,Redirect URL patch,Redirect URL patch status,Redirect chain URLs,Redirect chain URLs codes,Is redirect loop,No. of all inlinks,No. of redirect inlinks,First found at
1,https://www.kinexisdigital.com/services/analytics,,,false,307,0,https://www.kinexisdigital.com/en/services/analytics,200,,,https://www.kinexisdigital.com/en/services/analytics,200,false,10,0,https://www.kinexisdigital.com/en/services/analytics
1,https://www.kinexisdigital.com/services/seo,,,false,307,0,https://www.kinexisdigital.com/en/services/seo,200,,,https://www.kinexisdigital.com/en/services/seo,200,false,10,0,https://www.kinexisdigital.com/es/services/seo
1,https://www.kinexisdigital.com/services/funnels,,,false,307,0,https://www.kinexisdigital.com/en/services/funnels,200,,,https://www.kinexisdigital.com/en/services/funnels,200,false,12,0,https://www.kinexisdigital.com/es/services/funnels
0,https://www.kinexisdigital.com/industries/financial-services/credit-unions,,,false,307,0,https://www.kinexisdigital.com/en/industries/financial-services/credit-unions,200,,,https://www.kinexisdigital.com/en/industries/financial-services/credit-unions,200,false,2,0,https://www.kinexisdigital.com/en/industries/financial-services/credit-unions
0,https://www.kinexisdigital.com/blog/local-seo-checklist,,,false,307,0,https://www.kinexisdigital.com/en/blog/local-seo-checklist,200,,,https://www.kinexisdigital.com/en/blog/local-seo-checklist,200,false,2,0,https://www.kinexisdigital.com/en/blog/local-seo-checklist
0,https://www.kinexisdigital.com/seo-vs-ppc,,,false,307,0,https://www.kinexisdigital.com/en/seo-vs-ppc,200,,,https://www.kinexisdigital.com/en/seo-vs-ppc,200,false,2,0,https://www.kinexisdigital.com/en/seo-vs-ppc
0,https://www.kinexisdigital.com/local-seo-vs-google-ads,,,false,307,0,https://www.kinexisdigital.com/en/local-seo-vs-google-ads,200,,,https://www.kinexisdigital.com/en/local-seo-vs-google-ads,200,false,2,0,https://www.kinexisdigital.com/en/local-seo-vs-google-ads
0,https://www.kinexisdigital.com/wordpress-vs-webflow,,,false,307,0,https://www.kinexisdigital.com/en/wordpress-vs-webflow,200,,,https://www.kinexisdigital.com/en/wordpress-vs-webflow,200,false,2,0,https://www.kinexisdigital.com/en/wordpress-vs-webflow
0,https://www.kinexisdigital.com/industries/healthcare/physical-therapy,,,false,307,0,https://www.kinexisdigital.com/en/industries/healthcare/physical-therapy,200,,,https://www.kinexisdigital.com/en/industries/healthcare/physical-therapy,200,false,2,0,https://www.kinexisdigital.com/en/industries/healthcare/physical-therapy
0,https://www.kinexisdigital.com/locations/des-moines/seo,,,false,307,0,https://www.kinexisdigital.com/en/locations/des-moines/seo,200,,,https://www.kinexisdigital.com/en/locations/des-moines/seo,200,false,2,0,https://www.kinexisdigital.com/en/locations/des-moines/seo
0,https://www.kinexisdigital.com/industries/healthcare,,,false,307,0,https://www.kinexisdigital.com/en/industries/healthcare,200,,,https://www.kinexisdigital.com/en/industries/healthcare,200,false,2,0,https://www.kinexisdigital.com/en/industries/healthcare
0,https://www.kinexisdigital.com/digital-marketing-agency,,,false,307,0,https://www.kinexisdigital.com/en/digital-marketing-agency,200,,,https://www.kinexisdigital.com/en/digital-marketing-agency,200,false,2,0,https://www.kinexisdigital.com/en/digital-marketing-agency
0,https://www.kinexisdigital.com/blog/lifecycle-marketing,,,false,307,0,https://www.kinexisdigital.com/en/blog/lifecycle-marketing,200,,,https://www.kinexisdigital.com/en/blog/lifecycle-marketing,200,false,2,0,https://www.kinexisdigital.com/en/blog/lifecycle-marketing
0,https://www.kinexisdigital.com/locations/toronto,,,false,307,0,https://www.kinexisdigital.com/en/locations/toronto,200,,,https://www.kinexisdigital.com/en/locations/toronto,200,false,2,0,https://www.kinexisdigital.com/en/locations/toronto
0,https://www.kinexisdigital.com/locations/waterloo/web-design,,,false,307,0,https://www.kinexisdigital.com/en/locations/waterloo/web-design,200,,,https://www.kinexisdigital.com/en/locations/waterloo/web-design,200,false,2,0,https://www.kinexisdigital.com/en/locations/waterloo/web-design
0,https://www.kinexisdigital.com/industries/home-services/pest-control,,,false,307,0,https://www.kinexisdigital.com/en/industries/home-services/pest-control,200,,,https://www.kinexisdigital.com/en/industries/home-services/pest-control,200,false,2,0,https://www.kinexisdigital.com/en/industries/home-services/pest-control
0,https://www.kinexisdigital.com/team/james-chen,,,false,307,0,https://www.kinexisdigital.com/en/team/james-chen,200,,,https://www.kinexisdigital.com/en/team/james-chen,200,false,2,0,https://www.kinexisdigital.com/en/team/james-chen
0,https://www.kinexisdigital.com/industries/home-services/landscaping,,,false,307,0,https://www.kinexisdigital.com/en/industries/home-services/landscaping,200,,,https://www.kinexisdigital.com/en/industries/home-services/landscaping,200,false,2,0,https://www.kinexisdigital.com/en/industries/home-services/landscaping
0,https://www.kinexisdigital.com/blog/heatmap-analysis,,,false,307,0,https://www.kinexisdigital.com/en/blog/heatmap-analysis,200,,,https://www.kinexisdigital.com/en/blog/heatmap-analysis,200,false,2,0,https://www.kinexisdigital.com/en/blog/heatmap-analysis
0,https://www.kinexisdigital.com/blog/technical-seo-fundamentals,,,false,307,0,https://www.kinexisdigital.com/en/blog/technical-seo-fundamentals,200,,,https://www.kinexisdigital.com/en/blog/technical-seo-fundamentals,200,false,2,0,https://www.kinexisdigital.com/en/blog/technical-seo-fundamentals
0,https://www.kinexisdigital.com/industries/ecommerce/online-retailers,,,false,307,0,https://www.kinexisdigital.com/en/industries/ecommerce/online-retailers,200,,,https://www.kinexisdigital.com/en/industries/ecommerce/online-retailers,200,false,2,0,https://www.kinexisdigital.com/en/industries/ecommerce/online-retailers
0,https://www.kinexisdigital.com/industries/technology/ai-companies,,,false,307,0,https://www.kinexisdigital.com/en/industries/technology/ai-companies,200,,,https://www.kinexisdigital.com/en/industries/technology/ai-companies,200,false,2,0,https://www.kinexisdigital.com/en/industries/technology/ai-companies
0,https://www.kinexisdigital.com/industries/home-services/electrical,,,false,307,0,https://www.kinexisdigital.com/en/industries/home-services/electrical,200,,,https://www.kinexisdigital.com/en/industries/home-services/electrical,200,false,2,0,https://www.kinexisdigital.com/es/industries/home-services/electrical
0,https://www.kinexisdigital.com/blog/link-building-strategies,,,false,307,0,https://www.kinexisdigital.com/en/blog/link-building-strategies,200,,,https://www.kinexisdigital.com/en/blog/link-building-strategies,200,false,2,0,https://www.kinexisdigital.com/en/blog/link-building-strategies
0,https://www.kinexisdigital.com/industries/home-services/hvac,,,false,307,0,https://www.kinexisdigital.com/en/industries/home-services/hvac,200,,,https://www.kinexisdigital.com/en/industries/home-services/hvac,200,false,2,0,https://www.kinexisdigital.com/en/industries/home-services/hvac
0,https://www.kinexisdigital.com/resources,,,false,307,0,https://www.kinexisdigital.com/en/resources,200,,,https://www.kinexisdigital.com/en/resources,200,false,2,0,https://www.kinexisdigital.com/en/resources
0,https://www.kinexisdigital.com/solutions/saas-marketing-agency,,,false,307,0,https://www.kinexisdigital.com/en/solutions/saas-marketing-agency,200,,,https://www.kinexisdigital.com/en/solutions/saas-marketing-agency,200,false,2,0,https://www.kinexisdigital.com/en/solutions/saas-marketing-agency
0,https://www.kinexisdigital.com/industries/healthcare/pharmacies,,,false,307,0,https://www.kinexisdigital.com/en/industries/healthcare/pharmacies,200,,,https://www.kinexisdigital.com/en/industries/healthcare/pharmacies,200,false,2,0,https://www.kinexisdigital.com/en/industries/healthcare/pharmacies
0,https://www.kinexisdigital.com/industries/technology/software-companies,,,false,307,0,https://www.kinexisdigital.com/en/industries/technology/software-companies,200,,,https://www.kinexisdigital.com/en/industries/technology/software-companies,200,false,2,0,https://www.kinexisdigital.com/en/industries/technology/software-companies
0,https://www.kinexisdigital.com/industries/hospitality/bars-nightlife,,,false,307,0,https://www.kinexisdigital.com/en/industries/hospitality/bars-nightlife,200,,,https://www.kinexisdigital.com/en/industries/hospitality/bars-nightlife,200,false,2,0,https://www.kinexisdigital.com/en/industries/hospitality/bars-nightlife
0,https://www.kinexisdigital.com/solutions/cro-for-saas-companies,,,false,307,0,https://www.kinexisdigital.com/en/solutions/cro-for-saas-companies,200,,,https://www.kinexisdigital.com/en/solutions/cro-for-saas-companies,200,false,2,0,https://www.kinexisdigital.com/en/solutions/cro-for-saas-companies
0,https://www.kinexisdigital.com/blog/local-seo-strategy-2026,,,false,307,0,https://www.kinexisdigital.com/en/blog/local-seo-strategy-2026,200,,,https://www.kinexisdigital.com/en/blog/local-seo-strategy-2026,200,false,2,0,https://www.kinexisdigital.com/en/blog/local-seo-strategy-2026
0,https://www.kinexisdigital.com/locations/waterloo/ppc-management,,,false,307,0,https://www.kinexisdigital.com/en/locations/waterloo/ppc-management,200,,,https://www.kinexisdigital.com/en/locations/waterloo/ppc-management,200,false,2,0,https://www.kinexisdigital.com/en/locations/waterloo/ppc-management
0,https://www.kinexisdigital.com/locations/des-moines/web-design,,,false,307,0,https://www.kinexisdigital.com/en/locations/des-moines/web-design,200,,,https://www.kinexisdigital.com/en/locations/des-moines/web-design,200,false,2,0,https://www.kinexisdigital.com/en/locations/des-moines/web-design
0,https://www.kinexisdigital.com/industries/ecommerce/dtc-brands,,,false,307,0,https://www.kinexisdigital.com/en/industries/ecommerce/dtc-brands,200,,,https://www.kinexisdigital.com/en/industries/ecommerce/dtc-brands,200,false,2,0,https://www.kinexisdigital.com/en/industries/ecommerce/dtc-brands
0,https://www.kinexisdigital.com/services/meta-ads,,,false,307,0,https://www.kinexisdigital.com/en/services/meta-ads,200,,,https://www.kinexisdigital.com/en/services/meta-ads,200,false,2,0,https://www.kinexisdigital.com/en/services/meta-ads
0,https://www.kinexisdigital.com/locations/waterloo,,,false,307,0,https://www.kinexisdigital.com/en/locations/waterloo,200,,,https://www.kinexisdigital.com/en/locations/waterloo,200,false,2,0,https://www.kinexisdigital.com/es/locations/waterloo
0,https://www.kinexisdigital.com/services/web-design,,,false,307,0,https://www.kinexisdigital.com/en/services/web-design,200,,,https://www.kinexisdigital.com/en/services/web-design,200,false,2,0,https://www.kinexisdigital.com/en/services/web-design
0,https://www.kinexisdigital.com/blog/google-business-profile-tips,,,false,307,0,https://www.kinexisdigital.com/en/blog/google-business-profile-tips,200,,,https://www.kinexisdigital.com/en/blog/google-business-profile-tips,200,false,2,0,https://www.kinexisdigital.com/en/blog/google-business-profile-tips
0,https://www.kinexisdigital.com/locations/des-moines/ppc-management,,,false,307,0,https://www.kinexisdigital.com/en/locations/des-moines/ppc-management,200,,,https://www.kinexisdigital.com/en/locations/des-moines/ppc-management,200,false,2,0,https://www.kinexisdigital.com/en/locations/des-moines/ppc-management
0,https://www.kinexisdigital.com/locations/toronto/google-ads,,,false,307,0,https://www.kinexisdigital.com/en/locations/toronto/google-ads,200,,,https://www.kinexisdigital.com/en/locations/toronto/google-ads,200,false,2,0,https://www.kinexisdigital.com/en/locations/toronto/google-ads
0,https://www.kinexisdigital.com/blog/landing-page-optimization,,,false,307,0,https://www.kinexisdigital.com/en/blog/landing-page-optimization,200,,,https://www.kinexisdigital.com/en/blog/landing-page-optimization,200,false,2,0,https://www.kinexisdigital.com/en/blog/landing-page-optimization
0,https://www.kinexisdigital.com/industries/financial-services/wealth-management,,,false,307,0,https://www.kinexisdigital.com/en/industries/financial-services/wealth-management,200,,,https://www.kinexisdigital.com/en/industries/financial-services/wealth-management,200,false,2,0,https://www.kinexisdigital.com/en/industries/financial-services/wealth-management
0,https://www.kinexisdigital.com/team/maria-rodriguez,,,false,307,0,https://www.kinexisdigital.com/en/team/maria-rodriguez,200,,,https://www.kinexisdigital.com/en/team/maria-rodriguez,200,false,2,0,https://www.kinexisdigital.com/en/team/maria-rodriguez
0,https://www.kinexisdigital.com/industries,,,false,307,0,https://www.kinexisdigital.com/en/industries,200,,,https://www.kinexisdigital.com/en/industries,200,false,2,0,https://www.kinexisdigital.com/en/industries
0,https://www.kinexisdigital.com/blog/posts,,,false,307,0,https://www.kinexisdigital.com/en/blog/posts,200,,,https://www.kinexisdigital.com/en/blog/posts,200,false,2,0,https://www.kinexisdigital.com/en/blog/posts
0,https://www.kinexisdigital.com/blog/seo-vs-google-ads,,,false,307,0,https://www.kinexisdigital.com/en/blog/seo-vs-google-ads,200,,,https://www.kinexisdigital.com/en/blog/seo-vs-google-ads,200,false,2,0,https://www.kinexisdigital.com/en/blog/seo-vs-google-ads
0,http://www.kinexisdigital.com/services/email-marketing,,,false,307,0,http://www.kinexisdigital.com/en/services/email-marketing,200,,,http://www.kinexisdigital.com/en/services/email-marketing,200,false,3,0,http://www.kinexisdigital.com/en/blog/lifecycle-marketing
0,https://www.kinexisdigital.com/services/local-seo,,,false,307,0,https://www.kinexisdigital.com/en/services/local-seo,200,,,https://www.kinexisdigital.com/en/services/local-seo,200,false,4,0,https://www.kinexisdigital.com/en/services/local-seo
0,https://www.kinexisdigital.com/industries/manufacturing/industrial,,,false,307,0,https://www.kinexisdigital.com/en/industries/manufacturing/industrial,200,,,https://www.kinexisdigital.com/en/industries/manufacturing/industrial,200,false,2,0,https://www.kinexisdigital.com/en/industries/manufacturing/industrial
0,https://www.kinexisdigital.com/industries/technology/startups,,,false,307,0,https://www.kinexisdigital.com/en/industries/technology/startups,200,,,https://www.kinexisdigital.com/en/industries/technology/startups,200,false,2,0,https://www.kinexisdigital.com/en/industries/technology/startups
0,https://www.kinexisdigital.com/case-studies/premium-ecommerce-brand,,,false,307,0,https://www.kinexisdigital.com/en/case-studies/premium-ecommerce-brand,200,,,https://www.kinexisdigital.com/en/case-studies/premium-ecommerce-brand,200,false,2,0,https://www.kinexisdigital.com/en/case-studies/premium-ecommerce-brand
0,https://www.kinexisdigital.com/locations/cedar-rapids/seo,,,false,307,0,https://www.kinexisdigital.com/en/locations/cedar-rapids/seo,200,,,https://www.kinexisdigital.com/en/locations/cedar-rapids/seo,200,false,2,0,https://www.kinexisdigital.com/en/locations/cedar-rapids/seo
0,https://www.kinexisdigital.com/pricing/google-ads,,,false,307,0,https://www.kinexisdigital.com/en/pricing/google-ads,200,,,https://www.kinexisdigital.com/en/pricing/google-ads,200,false,2,0,https://www.kinexisdigital.com/en/pricing/google-ads
0,https://www.kinexisdigital.com/blog/ab-testing-framework,,,false,307,0,https://www.kinexisdigital.com/en/blog/ab-testing-framework,200,,,https://www.kinexisdigital.com/en/blog/ab-testing-framework,200,false,2,0,https://www.kinexisdigital.com/en/blog/ab-testing-framework
0,https://www.kinexisdigital.com/blog/technical-seo-guide,,,false,307,0,https://www.kinexisdigital.com/en/blog/technical-seo-guide,200,,,https://www.kinexisdigital.com/en/blog/technical-seo-guide,200,false,2,0,https://www.kinexisdigital.com/en/blog/technical-seo-guide
0,https://www.kinexisdigital.com/blog/local-business-growth-playbook,,,false,307,0,https://www.kinexisdigital.com/en/blog/local-business-growth-playbook,200,,,https://www.kinexisdigital.com/en/blog/local-business-growth-playbook,200,false,2,0,https://www.kinexisdigital.com/es/blog/local-business-growth-playbook
0,https://www.kinexisdigital.com/services/branding,,,false,307,0,https://www.kinexisdigital.com/en/services/branding,200,,,https://www.kinexisdigital.com/en/services/branding,200,false,2,0,https://www.kinexisdigital.com/en/services/branding
0,https://www.kinexisdigital.com/services/content-marketing,,,false,307,0,https://www.kinexisdigital.com/en/services/content-marketing,200,,,https://www.kinexisdigital.com/en/services/content-marketing,200,false,2,0,https://www.kinexisdigital.com/en/services/content-marketing
0,https://www.kinexisdigital.com/industries/ecommerce/subscription-boxes,,,false,307,0,https://www.kinexisdigital.com/en/industries/ecommerce/subscription-boxes,200,,,https://www.kinexisdigital.com/en/industries/ecommerce/subscription-boxes,200,false,2,0,https://www.kinexisdigital.com/en/industries/ecommerce/subscription-boxes
0,https://www.kinexisdigital.com/industries/financial-services/insurance,,,false,307,0,https://www.kinexisdigital.com/en/industries/financial-services/insurance,200,,,https://www.kinexisdigital.com/en/industries/financial-services/insurance,200,false,2,0,https://www.kinexisdigital.com/en/industries/financial-services/insurance
0,http://www.kinexisdigital.com/services/seo,,,false,307,0,http://www.kinexisdigital.com/en/services/seo,200,,,http://www.kinexisdigital.com/en/services/seo,200,false,4,0,http://www.kinexisdigital.com/en/blog/seo-audit-framework
0,https://www.kinexisdigital.com/locations/des-moines,,,false,307,0,https://www.kinexisdigital.com/en/locations/des-moines,200,,,https://www.kinexisdigital.com/en/locations/des-moines,200,false,2,0,https://www.kinexisdigital.com/en/locations/des-moines
0,https://www.kinexisdigital.com/industries/healthcare/medical,,,false,307,0,https://www.kinexisdigital.com/en/industries/healthcare/medical,200,,,https://www.kinexisdigital.com/en/industries/healthcare/medical,200,false,2,0,https://www.kinexisdigital.com/en/industries/healthcare/medical
0,https://www.kinexisdigital.com/services/email-marketing,,,false,307,0,https://www.kinexisdigital.com/en/services/email-marketing,200,,,https://www.kinexisdigital.com/en/services/email-marketing,200,false,8,0,https://www.kinexisdigital.com/en/services/email-marketing
0,https://www.kinexisdigital.com/blog/email-segmentation,,,false,307,0,https://www.kinexisdigital.com/en/blog/email-segmentation,200,,,https://www.kinexisdigital.com/en/blog/email-segmentation,200,false,2,0,https://www.kinexisdigital.com/en/blog/email-segmentation
0,https://www.kinexisdigital.com/industries/manufacturing/automotive,,,false,307,0,https://www.kinexisdigital.com/en/industries/manufacturing/automotive,200,,,https://www.kinexisdigital.com/en/industries/manufacturing/automotive,200,false,2,0,https://www.kinexisdigital.com/en/industries/manufacturing/automotive
0,https://www.kinexisdigital.com/solutions/web-design-for-saas-companies,,,false,307,0,https://www.kinexisdigital.com/en/solutions/web-design-for-saas-companies,200,,,https://www.kinexisdigital.com/en/solutions/web-design-for-saas-companies,200,false,2,0,https://www.kinexisdigital.com/es/solutions/web-design-for-saas-companies
0,https://www.kinexisdigital.com/team/sarah-mitchell,,,false,307,0,https://www.kinexisdigital.com/en/team/sarah-mitchell,200,,,https://www.kinexisdigital.com/en/team/sarah-mitchell,200,false,2,0,https://www.kinexisdigital.com/en/team/sarah-mitchell
0,https://www.kinexisdigital.com/locations/dallas/web-design,,,false,307,0,https://www.kinexisdigital.com/en/locations/dallas/web-design,200,,,https://www.kinexisdigital.com/en/locations/dallas/web-design,200,false,2,0,https://www.kinexisdigital.com/en/locations/dallas/web-design
0,https://www.kinexisdigital.com/industries/professional-services/medical-practices,,,false,307,0,https://www.kinexisdigital.com/en/industries/professional-services/medical-practices,200,,,https://www.kinexisdigital.com/en/industries/professional-services/medical-practices,200,false,2,0,https://www.kinexisdigital.com/en/industries/professional-services/medical-practices
0,https://www.kinexisdigital.com/industries/technology/saas,,,false,307,0,https://www.kinexisdigital.com/en/industries/technology/saas,200,,,https://www.kinexisdigital.com/en/industries/technology/saas,200,false,2,0,https://www.kinexisdigital.com/en/industries/technology/saas
0,https://www.kinexisdigital.com/locations/cedar-falls/google-ads,,,false,307,0,https://www.kinexisdigital.com/en/locations/cedar-falls/google-ads,200,,,https://www.kinexisdigital.com/en/locations/cedar-falls/google-ads,200,false,2,0,https://www.kinexisdigital.com/en/locations/cedar-falls/google-ads
0,https://www.kinexisdigital.com/blog/roas-calculations,,,false,307,0,https://www.kinexisdigital.com/en/blog/roas-calculations,200,,,https://www.kinexisdigital.com/en/blog/roas-calculations,200,false,2,0,https://www.kinexisdigital.com/es/blog/roas-calculations
0,https://www.kinexisdigital.com/industries/hospitality/event-venues,,,false,307,0,https://www.kinexisdigital.com/en/industries/hospitality/event-venues,200,,,https://www.kinexisdigital.com/en/industries/hospitality/event-venues,200,false,2,0,https://www.kinexisdigital.com/en/industries/hospitality/event-venues
0,https://www.kinexisdigital.com/industries/financial-services/mortgage-lenders,,,false,307,0,https://www.kinexisdigital.com/en/industries/financial-services/mortgage-lenders,200,,,https://www.kinexisdigital.com/en/industries/financial-services/mortgage-lenders,200,false,2,0,https://www.kinexisdigital.com/en/industries/financial-services/mortgage-lenders
0,https://www.kinexisdigital.com/pricing/meta-ads,,,false,307,0,https://www.kinexisdigital.com/en/pricing/meta-ads,200,,,https://www.kinexisdigital.com/en/pricing/meta-ads,200,false,2,0,https://www.kinexisdigital.com/en/pricing/meta-ads
0,https://www.kinexisdigital.com/locations/des-moines/google-ads,,,false,307,0,https://www.kinexisdigital.com/en/locations/des-moines/google-ads,200,,,https://www.kinexisdigital.com/en/locations/des-moines/google-ads,200,false,2,0,https://www.kinexisdigital.com/en/locations/des-moines/google-ads
0,https://www.kinexisdigital.com/blog/seo-audit-framework,,,false,307,0,https://www.kinexisdigital.com/en/blog/seo-audit-framework,200,,,https://www.kinexisdigital.com/en/blog/seo-audit-framework,200,false,2,0,https://www.kinexisdigital.com/en/blog/seo-audit-framework
0,https://www.kinexisdigital.com/locations/dallas,,,false,307,0,https://www.kinexisdigital.com/en/locations/dallas,200,,,https://www.kinexisdigital.com/en/locations/dallas,200,false,2,0,https://www.kinexisdigital.com/en/locations/dallas
0,https://www.kinexisdigital.com/industries/professional-services/accountants,,,false,307,0,https://www.kinexisdigital.com/en/industries/professional-services/accountants,200,,,https://www.kinexisdigital.com/en/industries/professional-services/accountants,200,false,2,0,https://www.kinexisdigital.com/en/industries/professional-services/accountants
0,https://www.kinexisdigital.com/industries/hospitality/hotels,,,false,307,0,https://www.kinexisdigital.com/en/industries/hospitality/hotels,200,,,https://www.kinexisdigital.com/en/industries/hospitality/hotels,200,false,2,0,https://www.kinexisdigital.com/en/industries/hospitality/hotels
0,https://www.kinexisdigital.com/solutions/seo-for-law-firms,,,false,307,0,https://www.kinexisdigital.com/en/solutions/seo-for-law-firms,200,,,https://www.kinexisdigital.com/en/solutions/seo-for-law-firms,200,false,2,0,https://www.kinexisdigital.com/en/solutions/seo-for-law-firms
0,https://www.kinexisdigital.com/industries/hospitality,,,false,307,0,https://www.kinexisdigital.com/en/industries/hospitality,200,,,https://www.kinexisdigital.com/en/industries/hospitality,200,false,2,0,https://www.kinexisdigital.com/en/industries/hospitality
0,https://www.kinexisdigital.com/pricing/local-seo,,,false,307,0,https://www.kinexisdigital.com/en/pricing/local-seo,200,,,https://www.kinexisdigital.com/en/pricing/local-seo,200,false,2,0,https://www.kinexisdigital.com/en/pricing/local-seo
0,https://www.kinexisdigital.com/services/google-ads,,,false,307,0,https://www.kinexisdigital.com/en/services/google-ads,200,,,https://www.kinexisdigital.com/en/services/google-ads,200,false,4,0,https://www.kinexisdigital.com/en/services/google-ads
0,https://www.kinexisdigital.com/blog/automated-nurture-sequences,,,false,307,0,https://www.kinexisdigital.com/en/blog/automated-nurture-sequences,200,,,https://www.kinexisdigital.com/en/blog/automated-nurture-sequences,200,false,2,0,https://www.kinexisdigital.com/en/blog/automated-nurture-sequences
0,https://www.kinexisdigital.com/locations/waterloo/seo,,,false,307,0,https://www.kinexisdigital.com/en/locations/waterloo/seo,200,,,https://www.kinexisdigital.com/en/locations/waterloo/seo,200,false,2,0,https://www.kinexisdigital.com/en/locations/waterloo/seo
0,http://www.kinexisdigital.com/services/ppc-management,,,false,307,0,http://www.kinexisdigital.com/en/services/ppc-management,200,,,http://www.kinexisdigital.com/en/services/ppc-management,200,false,1,0,http://www.kinexisdigital.com/en/blog/negative-keywords-guide
0,https://www.kinexisdigital.com/solutions/ai-marketing-agency,,,false,307,0,https://www.kinexisdigital.com/en/solutions/ai-marketing-agency,200,,,https://www.kinexisdigital.com/en/solutions/ai-marketing-agency,200,false,2,0,https://www.kinexisdigital.com/en/solutions/ai-marketing-agency
0,https://www.kinexisdigital.com/blog,,,false,307,0,https://www.kinexisdigital.com/en/blog,200,,,https://www.kinexisdigital.com/en/blog,200,false,2,0,https://www.kinexisdigital.com/en/blog
0,https://www.kinexisdigital.com/locations/dallas/seo,,,false,307,0,https://www.kinexisdigital.com/en/locations/dallas/seo,200,,,https://www.kinexisdigital.com/en/locations/dallas/seo,200,false,2,0,https://www.kinexisdigital.com/en/locations/dallas/seo
0,https://www.kinexisdigital.com/pricing/analytics,,,false,307,0,https://www.kinexisdigital.com/en/pricing/analytics,200,,,https://www.kinexisdigital.com/en/pricing/analytics,200,false,2,0,https://www.kinexisdigital.com/en/pricing/analytics
0,https://www.kinexisdigital.com/services/paid-ads,,,false,307,0,https://www.kinexisdigital.com/en/services/paid-ads,200,,,https://www.kinexisdigital.com/en/services/paid-ads,200,false,2,0,https://www.kinexisdigital.com/en/services/paid-ads
0,https://www.kinexisdigital.com/industries/technology/fintech,,,false,307,0,https://www.kinexisdigital.com/en/industries/technology/fintech,200,,,https://www.kinexisdigital.com/en/industries/technology/fintech,200,false,2,0,https://www.kinexisdigital.com/en/industries/technology/fintech
0,https://www.kinexisdigital.com/solutions,,,false,307,0,https://www.kinexisdigital.com/en/solutions,200,,,https://www.kinexisdigital.com/en/solutions,200,false,2,0,https://www.kinexisdigital.com/en/solutions
0,https://www.kinexisdigital.com/locations/austin/google-ads,,,false,307,0,https://www.kinexisdigital.com/en/locations/austin/google-ads,200,,,https://www.kinexisdigital.com/en/locations/austin/google-ads,200,false,2,0,https://www.kinexisdigital.com/en/locations/austin/google-ads
0,https://www.kinexisdigital.com/services/ppc-management,,,false,307,0,https://www.kinexisdigital.com/en/services/ppc-management,200,,,https://www.kinexisdigital.com/en/services/ppc-management,200,false,4,0,https://www.kinexisdigital.com/en/services/ppc-management
0,https://www.kinexisdigital.com/solutions/seo-for-hvac-companies,,,false,307,0,https://www.kinexisdigital.com/en/solutions/seo-for-hvac-companies,200,,,https://www.kinexisdigital.com/en/solutions/seo-for-hvac-companies,200,false,2,0,https://www.kinexisdigital.com/en/solutions/seo-for-hvac-companies
0,https://www.kinexisdigital.com/google-ads-vs-seo,,,false,307,0,https://www.kinexisdigital.com/en/google-ads-vs-seo,200,,,https://www.kinexisdigital.com/en/google-ads-vs-seo,200,false,2,0,https://www.kinexisdigital.com/en/google-ads-vs-seo
0,https://www.kinexisdigital.com/industries/professional-services,,,false,307,0,https://www.kinexisdigital.com/en/industries/professional-services,200,,,https://www.kinexisdigital.com/en/industries/professional-services,200,false,2,0,https://www.kinexisdigital.com/en/industries/professional-services
0,https://www.kinexisdigital.com/locations/austin/web-design,,,false,307,0,https://www.kinexisdigital.com/en/locations/austin/web-design,200,,,https://www.kinexisdigital.com/en/locations/austin/web-design,200,false,2,0,https://www.kinexisdigital.com/en/locations/austin/web-design
0,https://www.kinexisdigital.com/locations/austin/seo,,,false,307,0,https://www.kinexisdigital.com/en/locations/austin/seo,200,,,https://www.kinexisdigital.com/en/locations/austin/seo,200,false,2,0,https://www.kinexisdigital.com/en/locations/austin/seo
0,https://www.kinexisdigital.com/solutions/google-ads-for-roofers,,,false,307,0,https://www.kinexisdigital.com/en/solutions/google-ads-for-roofers,200,,,https://www.kinexisdigital.com/en/solutions/google-ads-for-roofers,200,false,2,0,https://www.kinexisdigital.com/en/solutions/google-ads-for-roofers
0,https://www.kinexisdigital.com/locations/dallas/google-ads,,,false,307,0,https://www.kinexisdigital.com/en/locations/dallas/google-ads,200,,,https://www.kinexisdigital.com/en/locations/dallas/google-ads,200,false,2,0,https://www.kinexisdigital.com/en/locations/dallas/google-ads
0,https://www.kinexisdigital.com/blog/quality-score-guide,,,false,307,0,https://www.kinexisdigital.com/en/blog/quality-score-guide,200,,,https://www.kinexisdigital.com/en/blog/quality-score-guide,200,false,2,0,https://www.kinexisdigital.com/en/blog/quality-score-guide
0,https://www.kinexisdigital.com/industries/manufacturing/aerospace,,,false,307,0,https://www.kinexisdigital.com/en/industries/manufacturing/aerospace,200,,,https://www.kinexisdigital.com/en/industries/manufacturing/aerospace,200,false,2,0,https://www.kinexisdigital.com/en/industries/manufacturing/aerospace
0,https://www.kinexisdigital.com/locations/cedar-rapids,,,false,307,0,https://www.kinexisdigital.com/en/locations/cedar-rapids,200,,,https://www.kinexisdigital.com/en/locations/cedar-rapids,200,false,2,0,https://www.kinexisdigital.com/en/locations/cedar-rapids
0,https://www.kinexisdigital.com/industries/professional-services/real-estate,,,false,307,0,https://www.kinexisdigital.com/en/industries/professional-services/real-estate,200,,,https://www.kinexisdigital.com/en/industries/professional-services/real-estate,200,false,2,0,https://www.kinexisdigital.com/en/industries/professional-services/real-estate
0,https://www.kinexisdigital.com/industries/manufacturing/food-production,,,false,307,0,https://www.kinexisdigital.com/en/industries/manufacturing/food-production,200,,,https://www.kinexisdigital.com/en/industries/manufacturing/food-production,200,false,2,0,https://www.kinexisdigital.com/en/industries/manufacturing/food-production
0,https://www.kinexisdigital.com/industries/home-services/roofing,,,false,307,0,https://www.kinexisdigital.com/en/industries/home-services/roofing,200,,,https://www.kinexisdigital.com/en/industries/home-services/roofing,200,false,2,0,https://www.kinexisdigital.com/en/industries/home-services/roofing
0,https://www.kinexisdigital.com/case-studies/landscaping-company-growth,,,false,307,0,https://www.kinexisdigital.com/en/case-studies/landscaping-company-growth,200,,,https://www.kinexisdigital.com/en/case-studies/landscaping-company-growth,200,false,2,0,https://www.kinexisdigital.com/en/case-studies/landscaping-company-growth
0,https://www.kinexisdigital.com/case-studies/b2b-consulting-firm,,,false,307,0,https://www.kinexisdigital.com/en/case-studies/b2b-consulting-firm,200,,,https://www.kinexisdigital.com/en/case-studies/b2b-consulting-firm,200,false,2,0,https://www.kinexisdigital.com/en/case-studies/b2b-consulting-firm
0,https://www.kinexisdigital.com/case-studies,,,false,307,0,https://www.kinexisdigital.com/en/case-studies,200,,,https://www.kinexisdigital.com/en/case-studies,200,false,2,0,https://www.kinexisdigital.com/en/case-studies
0,https://www.kinexisdigital.com/lead-magnet,,,false,307,0,https://www.kinexisdigital.com/en/lead-magnet,200,,,https://www.kinexisdigital.com/en/lead-magnet,200,false,2,0,https://www.kinexisdigital.com/en/lead-magnet
0,https://www.kinexisdigital.com/industries/home-services,,,false,307,0,https://www.kinexisdigital.com/en/industries/home-services,200,,,https://www.kinexisdigital.com/en/industries/home-services,200,false,2,0,https://www.kinexisdigital.com/en/industries/home-services
0,https://www.kinexisdigital.com/locations/bogota/google-ads,,,false,307,0,https://www.kinexisdigital.com/en/locations/bogota/google-ads,200,,,https://www.kinexisdigital.com/en/locations/bogota/google-ads,200,false,2,0,https://www.kinexisdigital.com/en/locations/bogota/google-ads
0,https://www.kinexisdigital.com/solutions/email-marketing-for-saas,,,false,307,0,https://www.kinexisdigital.com/en/solutions/email-marketing-for-saas,200,,,https://www.kinexisdigital.com/en/solutions/email-marketing-for-saas,200,false,2,0,https://www.kinexisdigital.com/en/solutions/email-marketing-for-saas
0,https://www.kinexisdigital.com/industries/healthcare/chiropractors,,,false,307,0,https://www.kinexisdigital.com/en/industries/healthcare/chiropractors,200,,,https://www.kinexisdigital.com/en/industries/healthcare/chiropractors,200,false,2,0,https://www.kinexisdigital.com/en/industries/healthcare/chiropractors
0,https://www.kinexisdigital.com/locations/bogota/web-design,,,false,307,0,https://www.kinexisdigital.com/en/locations/bogota/web-design,200,,,https://www.kinexisdigital.com/en/locations/bogota/web-design,200,false,2,0,https://www.kinexisdigital.com/en/locations/bogota/web-design
0,http://kinexisdigital.com/,,,false,301,0,https://www.kinexisdigital.com/,307,,,"https://www.kinexisdigital.com/
https://www.kinexisdigital.com/en","307
200",false,0,0,
0,https://www.kinexisdigital.com/pricing/seo,,,false,307,0,https://www.kinexisdigital.com/en/pricing/seo,200,,,https://www.kinexisdigital.com/en/pricing/seo,200,false,2,0,https://www.kinexisdigital.com/en/pricing/seo
0,https://www.kinexisdigital.com/locations/bogota,,,false,307,0,https://www.kinexisdigital.com/en/locations/bogota,200,,,https://www.kinexisdigital.com/en/locations/bogota,200,false,2,0,https://www.kinexisdigital.com/en/locations/bogota
0,https://www.kinexisdigital.com/solutions/startup-marketing-agency,,,false,307,0,https://www.kinexisdigital.com/en/solutions/startup-marketing-agency,200,,,https://www.kinexisdigital.com/en/solutions/startup-marketing-agency,200,false,2,0,https://www.kinexisdigital.com/en/solutions/startup-marketing-agency
0,https://www.kinexisdigital.com/case-studies/dental-practice-local-seo,,,false,307,0,https://www.kinexisdigital.com/en/case-studies/dental-practice-local-seo,200,,,https://www.kinexisdigital.com/en/case-studies/dental-practice-local-seo,200,false,2,0,https://www.kinexisdigital.com/en/case-studies/dental-practice-local-seo
0,https://www.kinexisdigital.com/privacy,,,false,307,0,https://www.kinexisdigital.com/en/privacy,200,,,https://www.kinexisdigital.com/en/privacy,200,false,2,0,https://www.kinexisdigital.com/en/privacy
0,https://www.kinexisdigital.com/pricing/growth-consulting,,,false,307,0,https://www.kinexisdigital.com/en/pricing/growth-consulting,200,,,https://www.kinexisdigital.com/en/pricing/growth-consulting,200,false,2,0,https://www.kinexisdigital.com/en/pricing/growth-consulting
0,https://www.kinexisdigital.com/locations/toronto/ppc-management,,,false,307,0,https://www.kinexisdigital.com/en/locations/toronto/ppc-management,200,,,https://www.kinexisdigital.com/en/locations/toronto/ppc-management,200,false,2,0,https://www.kinexisdigital.com/en/locations/toronto/ppc-management
0,https://www.kinexisdigital.com/case-studies/fintech-app-startup,,,false,307,0,https://www.kinexisdigital.com/en/case-studies/fintech-app-startup,200,,,https://www.kinexisdigital.com/en/case-studies/fintech-app-startup,200,false,2,0,https://www.kinexisdigital.com/en/case-studies/fintech-app-startup
0,https://www.kinexisdigital.com/pricing/email-marketing,,,false,307,0,https://www.kinexisdigital.com/en/pricing/email-marketing,200,,,https://www.kinexisdigital.com/en/pricing/email-marketing,200,false,2,0,https://www.kinexisdigital.com/en/pricing/email-marketing
0,https://www.kinexisdigital.com/terms,,,false,307,0,https://www.kinexisdigital.com/en/terms,200,,,https://www.kinexisdigital.com/en/terms,200,false,2,0,https://www.kinexisdigital.com/en/terms
0,https://www.kinexisdigital.com/pricing/video-marketing,,,false,307,0,https://www.kinexisdigital.com/en/pricing/video-marketing,200,,,https://www.kinexisdigital.com/en/pricing/video-marketing,200,false,2,0,https://www.kinexisdigital.com/en/pricing/video-marketing
0,https://www.kinexisdigital.com/blog/email-nurture-sequences-that-book-calls,,,false,307,0,https://www.kinexisdigital.com/en/blog/email-nurture-sequences-that-book-calls,200,,,https://www.kinexisdigital.com/en/blog/email-nurture-sequences-that-book-calls,200,false,2,0,https://www.kinexisdigital.com/es/blog/email-nurture-sequences-that-book-calls
0,https://www.kinexisdigital.com/blog/ga4-reporting,,,false,307,0,https://www.kinexisdigital.com/en/blog/ga4-reporting,200,,,https://www.kinexisdigital.com/en/blog/ga4-reporting,200,false,2,0,https://www.kinexisdigital.com/en/blog/ga4-reporting
0,http://www.kinexisdigital.com/services/analytics,,,false,307,0,http://www.kinexisdigital.com/en/services/analytics,200,,,http://www.kinexisdigital.com/en/services/analytics,200,false,4,0,http://www.kinexisdigital.com/en/blog/roas-calculations
0,https://www.kinexisdigital.com/industries/financial-services/banks,,,false,307,0,https://www.kinexisdigital.com/en/industries/financial-services/banks,200,,,https://www.kinexisdigital.com/en/industries/financial-services/banks,200,false,2,0,https://www.kinexisdigital.com/en/industries/financial-services/banks
0,https://www.kinexisdigital.com/industries/ecommerce,,,false,307,0,https://www.kinexisdigital.com/en/industries/ecommerce,200,,,https://www.kinexisdigital.com/en/industries/ecommerce,200,false,2,0,https://www.kinexisdigital.com/en/industries/ecommerce
0,https://www.kinexisdigital.com/locations/toronto/web-design,,,false,307,0,https://www.kinexisdigital.com/en/locations/toronto/web-design,200,,,https://www.kinexisdigital.com/en/locations/toronto/web-design,200,false,2,0,https://www.kinexisdigital.com/en/locations/toronto/web-design
0,https://www.kinexisdigital.com/services,,,false,307,0,https://www.kinexisdigital.com/en/services,200,,,https://www.kinexisdigital.com/en/services,200,false,2,0,https://www.kinexisdigital.com/en/services
0,https://www.kinexisdigital.com/locations/austin,,,false,307,0,https://www.kinexisdigital.com/en/locations/austin,200,,,https://www.kinexisdigital.com/en/locations/austin,200,false,2,0,https://www.kinexisdigital.com/en/locations/austin
0,https://www.kinexisdigital.com/services/growth-consulting,,,false,307,0,https://www.kinexisdigital.com/en/services/growth-consulting,200,,,https://www.kinexisdigital.com/en/services/growth-consulting,200,false,2,0,https://www.kinexisdigital.com/en/services/growth-consulting
0,https://www.kinexisdigital.com/case-studies/saas-analytics-platform,,,false,307,0,https://www.kinexisdigital.com/en/case-studies/saas-analytics-platform,200,,,https://www.kinexisdigital.com/en/case-studies/saas-analytics-platform,200,false,2,0,https://www.kinexisdigital.com/en/case-studies/saas-analytics-platform
0,https://www.kinexisdigital.com/locations/waterloo/google-ads,,,false,307,0,https://www.kinexisdigital.com/en/locations/waterloo/google-ads,200,,,https://www.kinexisdigital.com/en/locations/waterloo/google-ads,200,false,2,0,https://www.kinexisdigital.com/en/locations/waterloo/google-ads
0,https://www.kinexisdigital.com/industries/hospitality/resorts,,,false,307,0,https://www.kinexisdigital.com/en/industries/hospitality/resorts,200,,,https://www.kinexisdigital.com/en/industries/hospitality/resorts,200,false,2,0,https://www.kinexisdigital.com/en/industries/hospitality/resorts
0,https://www.kinexisdigital.com/contact,,,false,307,0,https://www.kinexisdigital.com/en/contact,200,,,https://www.kinexisdigital.com/en/contact,200,false,2,0,https://www.kinexisdigital.com/en/contact
0,https://www.kinexisdigital.com/locations/cedar-rapids/ppc-management,,,false,307,0,https://www.kinexisdigital.com/en/locations/cedar-rapids/ppc-management,200,,,https://www.kinexisdigital.com/en/locations/cedar-rapids/ppc-management,200,false,2,0,https://www.kinexisdigital.com/es/locations/cedar-rapids/ppc-management
0,https://www.kinexisdigital.com/pricing/funnels,,,false,307,0,https://www.kinexisdigital.com/en/pricing/funnels,200,,,https://www.kinexisdigital.com/en/pricing/funnels,200,false,2,0,https://www.kinexisdigital.com/en/pricing/funnels
0,https://www.kinexisdigital.com/industries/home-services/plumbing,,,false,307,0,https://www.kinexisdigital.com/en/industries/home-services/plumbing,200,,,https://www.kinexisdigital.com/en/industries/home-services/plumbing,200,false,2,0,https://www.kinexisdigital.com/en/industries/home-services/plumbing
0,https://www.kinexisdigital.com/locations/cedar-rapids/google-ads,,,false,307,0,https://www.kinexisdigital.com/en/locations/cedar-rapids/google-ads,200,,,https://www.kinexisdigital.com/en/locations/cedar-rapids/google-ads,200,false,2,0,https://www.kinexisdigital.com/en/locations/cedar-rapids/google-ads
0,https://www.kinexisdigital.com/industries/manufacturing/packaging,,,false,307,0,https://www.kinexisdigital.com/en/industries/manufacturing/packaging,200,,,https://www.kinexisdigital.com/en/industries/manufacturing/packaging,200,false,2,0,https://www.kinexisdigital.com/en/industries/manufacturing/packaging
0,https://www.kinexisdigital.com/locations,,,false,307,0,https://www.kinexisdigital.com/en/locations,200,,,https://www.kinexisdigital.com/en/locations,200,false,2,0,https://www.kinexisdigital.com/en/locations
0,https://www.kinexisdigital.com/blog/conversion-psychology,,,false,307,0,https://www.kinexisdigital.com/en/blog/conversion-psychology,200,,,https://www.kinexisdigital.com/en/blog/conversion-psychology,200,false,2,0,https://www.kinexisdigital.com/en/blog/conversion-psychology
0,https://www.kinexisdigital.com/pricing/paid-ads,,,false,307,0,https://www.kinexisdigital.com/en/pricing/paid-ads,200,,,https://www.kinexisdigital.com/en/pricing/paid-ads,200,false,2,0,https://www.kinexisdigital.com/en/pricing/paid-ads
0,https://www.kinexisdigital.com/locations/cedar-falls/seo,,,false,307,0,https://www.kinexisdigital.com/en/locations/cedar-falls/seo,200,,,https://www.kinexisdigital.com/en/locations/cedar-falls/seo,200,false,2,0,https://www.kinexisdigital.com/en/locations/cedar-falls/seo
0,https://www.kinexisdigital.com/industries/manufacturing,,,false,307,0,https://www.kinexisdigital.com/en/industries/manufacturing,200,,,https://www.kinexisdigital.com/en/industries/manufacturing,200,false,2,0,https://www.kinexisdigital.com/en/industries/manufacturing
0,https://www.kinexisdigital.com/industries/healthcare/dental,,,false,307,0,https://www.kinexisdigital.com/en/industries/healthcare/dental,200,,,https://www.kinexisdigital.com/en/industries/healthcare/dental,200,false,2,0,https://www.kinexisdigital.com/en/industries/healthcare/dental
0,https://kinexisdigital.com/,,,false,301,0,https://www.kinexisdigital.com/,307,,,"https://www.kinexisdigital.com/
https://www.kinexisdigital.com/en","307
200",false,0,0,
0,https://www.kinexisdigital.com/industries/hospitality/restaurants,,,false,307,0,https://www.kinexisdigital.com/en/industries/hospitality/restaurants,200,,,https://www.kinexisdigital.com/en/industries/hospitality/restaurants,200,false,2,0,https://www.kinexisdigital.com/en/industries/hospitality/restaurants
0,https://www.kinexisdigital.com/pricing/web-design,,,false,307,0,https://www.kinexisdigital.com/en/pricing/web-design,200,,,https://www.kinexisdigital.com/en/pricing/web-design,200,false,2,0,https://www.kinexisdigital.com/en/pricing/web-design
0,https://www.kinexisdigital.com/locations/cedar-falls/web-design,,,false,307,0,https://www.kinexisdigital.com/en/locations/cedar-falls/web-design,200,,,https://www.kinexisdigital.com/en/locations/cedar-falls/web-design,200,false,2,0,https://www.kinexisdigital.com/en/locations/cedar-falls/web-design
0,https://www.kinexisdigital.com/pricing/social-media,,,false,307,0,https://www.kinexisdigital.com/en/pricing/social-media,200,,,https://www.kinexisdigital.com/en/pricing/social-media,200,false,2,0,https://www.kinexisdigital.com/en/pricing/social-media
0,https://www.kinexisdigital.com/blog/attribution-models,,,false,307,0,https://www.kinexisdigital.com/en/blog/attribution-models,200,,,https://www.kinexisdigital.com/en/blog/attribution-models,200,false,2,0,https://www.kinexisdigital.com/en/blog/attribution-models
0,https://www.kinexisdigital.com/industries/ecommerce/amazon-sellers,,,false,307,0,https://www.kinexisdigital.com/en/industries/ecommerce/amazon-sellers,200,,,https://www.kinexisdigital.com/en/industries/ecommerce/amazon-sellers,200,false,2,0,https://www.kinexisdigital.com/en/industries/ecommerce/amazon-sellers
0,https://www.kinexisdigital.com/industries/technology/cybersecurity,,,false,307,0,https://www.kinexisdigital.com/en/industries/technology/cybersecurity,200,,,https://www.kinexisdigital.com/en/industries/technology/cybersecurity,200,false,2,0,https://www.kinexisdigital.com/en/industries/technology/cybersecurity
0,https://www.kinexisdigital.com/locations/bogota/seo,,,false,307,0,https://www.kinexisdigital.com/en/locations/bogota/seo,200,,,https://www.kinexisdigital.com/en/locations/bogota/seo,200,false,2,0,https://www.kinexisdigital.com/en/locations/bogota/seo
0,https://www.kinexisdigital.com/industries/manufacturing/b2b-manufacturing,,,false,307,0,https://www.kinexisdigital.com/en/industries/manufacturing/b2b-manufacturing,200,,,https://www.kinexisdigital.com/en/industries/manufacturing/b2b-manufacturing,200,false,2,0,https://www.kinexisdigital.com/en/industries/manufacturing/b2b-manufacturing
0,https://www.kinexisdigital.com/blog/internal-linking-guide,,,false,307,0,https://www.kinexisdigital.com/en/blog/internal-linking-guide,200,,,https://www.kinexisdigital.com/en/blog/internal-linking-guide,200,false,2,0,https://www.kinexisdigital.com/en/blog/internal-linking-guide
0,https://www.kinexisdigital.com/industries/professional-services/law-firms,,,false,307,0,https://www.kinexisdigital.com/en/industries/professional-services/law-firms,200,,,https://www.kinexisdigital.com/en/industries/professional-services/law-firms,200,false,2,0,https://www.kinexisdigital.com/en/industries/professional-services/law-firms
0,https://www.kinexisdigital.com/blog/marketing-dashboards,,,false,307,0,https://www.kinexisdigital.com/en/blog/marketing-dashboards,200,,,https://www.kinexisdigital.com/en/blog/marketing-dashboards,200,false,2,0,https://www.kinexisdigital.com/en/blog/marketing-dashboards
0,https://www.kinexisdigital.com/pricing/ppc-management,,,false,307,0,https://www.kinexisdigital.com/en/pricing/ppc-management,200,,,https://www.kinexisdigital.com/en/pricing/ppc-management,200,false,2,0,https://www.kinexisdigital.com/en/pricing/ppc-management
0,https://www.kinexisdigital.com/industries/professional-services/dentists,,,false,307,0,https://www.kinexisdigital.com/en/industries/professional-services/dentists,200,,,https://www.kinexisdigital.com/en/industries/professional-services/dentists,200,false,2,0,https://www.kinexisdigital.com/en/industries/professional-services/dentists
0,http://www.kinexisdigital.com/services/local-seo,,,false,307,0,http://www.kinexisdigital.com/en/services/local-seo,200,,,http://www.kinexisdigital.com/en/services/local-seo,200,false,1,0,http://www.kinexisdigital.com/en/blog/local-seo-checklist
0,https://www.kinexisdigital.com/blog/landing-page-best-practices,,,false,307,0,https://www.kinexisdigital.com/en/blog/landing-page-best-practices,200,,,https://www.kinexisdigital.com/en/blog/landing-page-best-practices,200,false,2,0,https://www.kinexisdigital.com/en/blog/landing-page-best-practices
0,https://www.kinexisdigital.com/solutions/seo-for-dentists,,,false,307,0,https://www.kinexisdigital.com/en/solutions/seo-for-dentists,200,,,https://www.kinexisdigital.com/en/solutions/seo-for-dentists,200,false,2,0,https://www.kinexisdigital.com/en/solutions/seo-for-dentists
0,https://www.kinexisdigital.com/industries/healthcare/wellness,,,false,307,0,https://www.kinexisdigital.com/en/industries/healthcare/wellness,200,,,https://www.kinexisdigital.com/en/industries/healthcare/wellness,200,false,2,0,https://www.kinexisdigital.com/en/industries/healthcare/wellness
0,https://www.kinexisdigital.com/locations/toronto/seo,,,false,307,0,https://www.kinexisdigital.com/en/locations/toronto/seo,200,,,https://www.kinexisdigital.com/en/locations/toronto/seo,200,false,2,0,https://www.kinexisdigital.com/en/locations/toronto/seo
0,http://www.kinexisdigital.com/,,,false,307,0,http://www.kinexisdigital.com/en,200,,,http://www.kinexisdigital.com/en,200,false,0,0,
0,https://www.kinexisdigital.com/locations/bogota/ppc-management,,,false,307,0,https://www.kinexisdigital.com/en/locations/bogota/ppc-management,200,,,https://www.kinexisdigital.com/en/locations/bogota/ppc-management,200,false,2,0,https://www.kinexisdigital.com/en/locations/bogota/ppc-management
0,https://www.kinexisdigital.com/industries/ecommerce/shopify-brands,,,false,307,0,https://www.kinexisdigital.com/en/industries/ecommerce/shopify-brands,200,,,https://www.kinexisdigital.com/en/industries/ecommerce/shopify-brands,200,false,2,0,https://www.kinexisdigital.com/en/industries/ecommerce/shopify-brands
0,https://www.kinexisdigital.com/industries/financial-services,,,false,307,0,https://www.kinexisdigital.com/en/industries/financial-services,200,,,https://www.kinexisdigital.com/en/industries/financial-services,200,false,2,0,https://www.kinexisdigital.com/en/industries/financial-services
0,https://www.kinexisdigital.com/services/video-marketing,,,false,307,0,https://www.kinexisdigital.com/en/services/video-marketing,200,,,https://www.kinexisdigital.com/en/services/video-marketing,200,false,2,0,https://www.kinexisdigital.com/en/services/video-marketing
0,https://www.kinexisdigital.com/locations/cedar-rapids/web-design,,,false,307,0,https://www.kinexisdigital.com/en/locations/cedar-rapids/web-design,200,,,https://www.kinexisdigital.com/en/locations/cedar-rapids/web-design,200,false,2,0,https://www.kinexisdigital.com/en/locations/cedar-rapids/web-design
0,https://www.kinexisdigital.com/blog/website-conversion-optimization,,,false,307,0,https://www.kinexisdigital.com/en/blog/website-conversion-optimization,200,,,https://www.kinexisdigital.com/en/blog/website-conversion-optimization,200,false,2,0,https://www.kinexisdigital.com/en/blog/website-conversion-optimization
0,https://www.kinexisdigital.com/pricing/content-marketing,,,false,307,0,https://www.kinexisdigital.com/en/pricing/content-marketing,200,,,https://www.kinexisdigital.com/en/pricing/content-marketing,200,false,2,0,https://www.kinexisdigital.com/en/pricing/content-marketing
0,https://www.kinexisdigital.com/pricing/branding,,,false,307,0,https://www.kinexisdigital.com/en/pricing/branding,200,,,https://www.kinexisdigital.com/en/pricing/branding,200,false,2,0,https://www.kinexisdigital.com/en/pricing/branding
0,http://www.kinexisdigital.com/services/funnels,,,false,307,0,http://www.kinexisdigital.com/en/services/funnels,200,,,http://www.kinexisdigital.com/en/services/funnels,200,false,5,0,http://www.kinexisdigital.com/en/blog/landing-page-best-practices
0,https://www.kinexisdigital.com/industries/professional-services/consultants,,,false,307,0,https://www.kinexisdigital.com/en/industries/professional-services/consultants,200,,,https://www.kinexisdigital.com/en/industries/professional-services/consultants,200,false,2,0,https://www.kinexisdigital.com/en/industries/professional-services/consultants
0,https://www.kinexisdigital.com/industries/technology,,,false,307,0,https://www.kinexisdigital.com/en/industries/technology,200,,,https://www.kinexisdigital.com/en/industries/technology,200,false,2,0,https://www.kinexisdigital.com/en/industries/technology
0,https://www.kinexisdigital.com/services/social-media,,,false,307,0,https://www.kinexisdigital.com/en/services/social-media,200,,,https://www.kinexisdigital.com/en/services/social-media,200,false,2,0,https://www.kinexisdigital.com/en/services/social-media
0,https://www.kinexisdigital.com/industries/ecommerce/b2b-ecommerce,,,false,307,0,https://www.kinexisdigital.com/en/industries/ecommerce/b2b-ecommerce,200,,,https://www.kinexisdigital.com/en/industries/ecommerce/b2b-ecommerce,200,false,2,0,https://www.kinexisdigital.com/en/industries/ecommerce/b2b-ecommerce
0,https://www.kinexisdigital.com/blog/negative-keywords-guide,,,false,307,0,https://www.kinexisdigital.com/en/blog/negative-keywords-guide,200,,,https://www.kinexisdigital.com/en/blog/negative-keywords-guide,200,false,2,0,https://www.kinexisdigital.com/en/blog/negative-keywords-guide
0,https://www.kinexisdigital.com/locations/dallas/ppc-management,,,false,307,0,https://www.kinexisdigital.com/en/locations/dallas/ppc-management,200,,,https://www.kinexisdigital.com/en/locations/dallas/ppc-management,200,false,2,0,https://www.kinexisdigital.com/en/locations/dallas/ppc-management
0,https://www.kinexisdigital.com/about,,,false,307,0,https://www.kinexisdigital.com/en/about,200,,,https://www.kinexisdigital.com/en/about,200,false,2,0,https://www.kinexisdigital.com/en/about
0,https://www.kinexisdigital.com/locations/austin/ppc-management,,,false,307,0,https://www.kinexisdigital.com/en/locations/austin/ppc-management,200,,,https://www.kinexisdigital.com/en/locations/austin/ppc-management,200,false,2,0,https://www.kinexisdigital.com/en/locations/austin/ppc-management
0,https://www.kinexisdigital.com/locations/cedar-falls/ppc-management,,,false,307,0,https://www.kinexisdigital.com/en/locations/cedar-falls/ppc-management,200,,,https://www.kinexisdigital.com/en/locations/cedar-falls/ppc-management,200,false,2,0,https://www.kinexisdigital.com/en/locations/cedar-falls/ppc-management
0,http://www.kinexisdigital.com/services/google-ads,,,false,307,0,http://www.kinexisdigital.com/en/services/google-ads,200,,,http://www.kinexisdigital.com/en/services/google-ads,200,false,1,0,http://www.kinexisdigital.com/en/blog/quality-score-guide
0,https://www.kinexisdigital.com/industries/hospitality/cafes,,,false,307,0,https://www.kinexisdigital.com/en/industries/hospitality/cafes,200,,,https://www.kinexisdigital.com/en/industries/hospitality/cafes,200,false,2,0,https://www.kinexisdigital.com/en/industries/hospitality/cafes
0,https://www.kinexisdigital.com/locations/cedar-falls,,,false,307,0,https://www.kinexisdigital.com/en/locations/cedar-falls,200,,,https://www.kinexisdigital.com/en/locations/cedar-falls,200,false,2,0,https://www.kinexisdigital.com/en/locations/cedar-falls
0,https://www.kinexisdigital.com/,,,false,307,0,https://www.kinexisdigital.com/en,200,,,https://www.kinexisdigital.com/en,200,false,4,2,
0,https://www.kinexisdigital.com/industries/financial-services/financial-advisors,,,false,307,0,https://www.kinexisdigital.com/en/industries/financial-services/financial-advisors,200,,,https://www.kinexisdigital.com/en/industries/financial-services/financial-advisors,200,false,2,0,https://www.kinexisdigital.com/en/industries/financial-services/financial-advisors
